,Number of Communities,Nodes in Largest Community,Community Sizes,Singletons,Modularity,Closeness Centrality,ARI (Level 1),ARI (Level 2),RI (Level 1),RI (Level 2),MRI (Level 1),MRI (Level 2),Communities
0,3,76,"[76, 65, 29]",0,0.32186480722842875,0.6369198310909319,0.380618862070602,0.08813043393989231,0.7303863557257222,0.6518621649843369,0.7303863557257222,0.6518621649843369,"[[112, 63, 100, 78, 53, 125, 49, 115, 31, 102, 111, 40, 79, 72, 104, 122, 121, 120, 98, 95, 117, 106, 110, 65, 66, 24, 61, 33, 57, 35, 74, 59, 45, 28, 119, 62, 58, 81, 80, 27, 89, 52, 50, 54, 67, 25, 51, 55, 26, 75, 43, 29, 42, 88, 68, 48, 32, 73, 37, 60, 56, 64, 85, 44, 71, 39, 105, 41, 38, 46, 69, 36, 76, 118, 30, 34], [103, 124, 99, 123, 97, 94, 93, 137, 138, 132, 113, 133, 109, 141, 127, 135, 134, 129, 156, 116, 114, 101, 96, 130, 107, 108, 92, 82, 87, 163, 158, 162, 139, 143, 144, 157, 155, 152, 148, 153, 131, 164, 145, 154, 165, 160, 128, 136, 150, 151, 168, 166, 147, 169, 149, 6, 161, 3, 167, 9, 142, 140, 8, 159, 7], [70, 22, 17, 83, 77, 126, 19, 16, 20, 86, 91, 10, 15, 146, 21, 13, 14, 11, 5, 4, 23, 0, 1, 12, 18, 84, 90, 47, 2]]"
