Delta,Number of Nodes,Number of Edges,Transitivity,Singletons Removed,Average Degree,Density,Average Clustering Coefficient,Largest Component Size,Diameter (if connected)
0.15,170,6700,0.795263338627291,0,78.82352941176471,0.466411416637661,0.7721337467285563,170,3.0
0.5,169,4101,0.8284197033510347,1,48.532544378698226,0.2888841927303466,0.7776317724929885,169,5.0
0.85,132,866,0.6545242605274662,38,13.121212121212121,0.10016192458940551,0.5866620549806796,85,
